symbol,expiry,kind,first_seen,status
BANKNIFTY,2016-01-28,monthly,2016-01-01,expired
BANKNIFTY,2016-02-25,monthly,2016-01-01,expired
BANKNIFTY,2016-03-31,monthly,2016-01-01,expired
BANKNIFTY,2016-04-28,monthly,2016-02-01,expired
BANKNIFTY,2016-05-26,monthly,2016-02-29,expired
BANKNIFTY,2016-06-02,weekly,2016-05-30,expired
BANKNIFTY,2016-06-09,weekly,2016-05-30,expired
BANKNIFTY,2016-06-16,weekly,2016-05-30,expired
BANKNIFTY,2016-06-23,weekly,2016-05-30,expired
BANKNIFTY,2016-06-30,monthly,2016-04-04,expired
BANKNIFTY,2016-07-07,weekly,2016-05-30,expired
BANKNIFTY,2016-07-14,weekly,2016-05-30,expired
BANKNIFTY,2016-07-21,weekly,2016-05-30,expired
BANKNIFTY,2016-07-28,monthly,2016-05-02,expired
BANKNIFTY,2016-08-04,weekly,2016-06-06,expired
BANKNIFTY,2016-08-11,weekly,2016-06-13,expired
BANKNIFTY,2016-08-18,weekly,2016-06-20,expired
BANKNIFTY,2016-08-25,monthly,2016-05-30,expired
BANKNIFTY,2016-09-01,weekly,2016-06-27,expired
BANKNIFTY,2016-09-08,weekly,2016-07-11,expired
BANKNIFTY,2016-09-15,weekly,2016-07-18,expired
BANKNIFTY,2016-09-22,weekly,2016-07-25,expired
BANKNIFTY,2016-09-29,monthly,2016-07-04,expired
BANKNIFTY,2016-10-06,weekly,2016-08-08,expired
BANKNIFTY,2016-10-13,weekly,2016-08-16,expired
BANKNIFTY,2016-10-20,weekly,2016-08-22,expired
BANKNIFTY,2016-10-27,monthly,2016-08-01,expired
BANKNIFTY,2016-11-03,weekly,2016-09-06,expired
BANKNIFTY,2016-11-10,weekly,2016-09-12,expired
BANKNIFTY,2016-11-17,weekly,2016-09-19,expired
BANKNIFTY,2016-11-24,monthly,2016-08-29,expired
BANKNIFTY,2016-12-01,weekly,2016-09-26,expired
BANKNIFTY,2016-12-08,weekly,2016-10-10,expired
BANKNIFTY,2016-12-15,weekly,2016-10-17,expired
BANKNIFTY,2016-12-22,weekly,2016-10-24,expired
BANKNIFTY,2016-12-29,monthly,2016-10-03,expired
BANKNIFTY,2017-01-05,weekly,2016-11-07,expired
BANKNIFTY,2017-01-12,weekly,2016-11-15,expired
BANKNIFTY,2017-01-19,weekly,2016-11-21,expired
BANKNIFTY,2017-01-25,monthly,2016-11-01,expired
BANKNIFTY,2017-02-02,weekly,2016-12-05,expired
BANKNIFTY,2017-02-09,weekly,2016-12-12,expired
BANKNIFTY,2017-02-16,weekly,2016-12-19,expired
BANKNIFTY,2017-02-23,monthly,2016-11-28,expired
BANKNIFTY,2017-03-02,weekly,2016-12-26,expired
BANKNIFTY,2017-03-09,weekly,2017-01-09,expired
BANKNIFTY,2017-03-16,weekly,2017-01-16,expired
BANKNIFTY,2017-03-23,weekly,2017-01-23,expired
BANKNIFTY,2017-03-30,monthly,2017-01-02,expired
BANKNIFTY,2017-04-06,weekly,2017-02-06,expired
BANKNIFTY,2017-04-13,weekly,2017-02-13,expired
BANKNIFTY,2017-04-20,weekly,2017-02-20,expired
BANKNIFTY,2017-04-27,monthly,2017-01-30,expired
BANKNIFTY,2017-05-04,weekly,2017-03-06,expired
BANKNIFTY,2017-05-11,weekly,2017-03-14,expired
BANKNIFTY,2017-05-18,weekly,2017-03-20,expired
BANKNIFTY,2017-05-25,monthly,2017-02-27,expired
BANKNIFTY,2017-06-01,weekly,2017-03-27,expired
BANKNIFTY,2017-06-08,weekly,2017-04-10,expired
BANKNIFTY,2017-06-15,weekly,2017-04-17,expired
BANKNIFTY,2017-06-22,weekly,2017-04-24,expired
BANKNIFTY,2017-06-29,monthly,2017-04-03,expired
BANKNIFTY,2017-07-06,weekly,2017-05-08,expired
BANKNIFTY,2017-07-13,weekly,2017-05-15,expired
BANKNIFTY,2017-07-20,weekly,2017-05-22,expired
BANKNIFTY,2017-07-27,monthly,2017-05-02,expired
BANKNIFTY,2017-08-03,weekly,2017-06-05,expired
BANKNIFTY,2017-08-10,weekly,2017-06-12,expired
BANKNIFTY,2017-08-17,weekly,2017-06-19,expired
BANKNIFTY,2017-08-24,weekly,2017-06-27,expired
BANKNIFTY,2017-08-31,monthly,2017-05-29,expired
BANKNIFTY,2017-09-07,weekly,2017-07-10,expired
BANKNIFTY,2017-09-14,weekly,2017-07-17,expired
BANKNIFTY,2017-09-21,weekly,2017-07-24,expired
BANKNIFTY,2017-09-28,monthly,2017-07-03,expired
BANKNIFTY,2017-10-05,weekly,2017-08-07,expired
BANKNIFTY,2017-10-12,weekly,2017-08-14,expired
BANKNIFTY,2017-10-18,weekly,2017-08-21,expired
BANKNIFTY,2017-10-26,monthly,2017-07-31,expired
BANKNIFTY,2017-11-02,weekly,2017-08-28,expired
BANKNIFTY,2017-11-09,weekly,2017-09-11,expired
BANKNIFTY,2017-11-16,weekly,2017-09-18,expired
BANKNIFTY,2017-11-23,weekly,2017-09-25,expired
BANKNIFTY,2017-11-30,monthly,2017-09-04,expired
BANKNIFTY,2017-12-07,weekly,2017-10-09,expired
BANKNIFTY,2017-12-14,weekly,2017-10-16,expired
BANKNIFTY,2017-12-21,weekly,2017-10-23,expired
BANKNIFTY,2017-12-28,monthly,2017-10-03,expired
BANKNIFTY,2018-01-04,weekly,2017-11-06,expired
BANKNIFTY,2018-01-11,weekly,2017-11-13,expired
BANKNIFTY,2018-01-18,weekly,2017-11-20,expired
BANKNIFTY,2018-01-25,monthly,2017-10-30,expired
BANKNIFTY,2018-02-01,weekly,2017-11-27,expired
BANKNIFTY,2018-02-08,weekly,2017-12-11,expired
BANKNIFTY,2018-02-15,weekly,2017-12-18,expired
BANKNIFTY,2018-02-22,monthly,2017-12-04,expired
BANKNIFTY,2018-03-01,weekly,2017-12-26,expired
BANKNIFTY,2018-03-08,weekly,2018-01-08,expired
BANKNIFTY,2018-03-15,weekly,2018-01-15,expired
BANKNIFTY,2018-03-22,weekly,2018-01-22,expired
BANKNIFTY,2018-03-28,monthly,2018-01-01,expired
BANKNIFTY,2018-04-05,weekly,2018-02-05,expired
BANKNIFTY,2018-04-12,weekly,2018-02-12,expired
BANKNIFTY,2018-04-19,weekly,2018-02-19,expired
BANKNIFTY,2018-04-26,monthly,2018-01-29,expired
BANKNIFTY,2018-05-03,weekly,2018-03-05,expired
BANKNIFTY,2018-05-10,weekly,2018-03-12,expired
BANKNIFTY,2018-05-17,weekly,2018-03-19,expired
BANKNIFTY,2018-05-24,weekly,2018-03-26,expired
BANKNIFTY,2018-05-31,monthly,2018-02-26,expired
BANKNIFTY,2018-06-07,weekly,2018-04-09,expired
BANKNIFTY,2018-06-14,weekly,2018-04-16,expired
BANKNIFTY,2018-06-21,weekly,2018-04-23,expired
BANKNIFTY,2018-06-28,monthly,2018-04-02,expired
BANKNIFTY,2018-07-05,weekly,2018-05-07,expired
BANKNIFTY,2018-07-12,weekly,2018-05-14,expired
BANKNIFTY,2018-07-19,weekly,2018-05-21,expired
BANKNIFTY,2018-07-26,monthly,2018-04-30,expired
BANKNIFTY,2018-08-02,weekly,2018-05-28,expired
BANKNIFTY,2018-08-09,weekly,2018-06-11,expired
BANKNIFTY,2018-08-16,weekly,2018-06-18,expired
BANKNIFTY,2018-08-23,weekly,2018-06-25,expired
BANKNIFTY,2018-08-30,monthly,2018-06-04,expired
BANKNIFTY,2018-09-06,weekly,2018-07-09,expired
BANKNIFTY,2018-09-12,weekly,2018-07-16,expired
BANKNIFTY,2018-09-19,weekly,2018-07-23,expired
BANKNIFTY,2018-09-27,monthly,2018-07-02,expired
BANKNIFTY,2018-10-04,weekly,2018-08-06,expired
BANKNIFTY,2018-10-11,weekly,2018-08-13,expired
BANKNIFTY,2018-10-17,weekly,2018-08-20,expired
BANKNIFTY,2018-10-25,monthly,2018-07-30,expired
BANKNIFTY,2018-11-01,weekly,2018-08-27,expired
BANKNIFTY,2018-11-06,weekly,2018-09-10,expired
BANKNIFTY,2018-11-15,weekly,2018-09-17,expired
BANKNIFTY,2018-11-22,weekly,2018-09-24,expired
BANKNIFTY,2018-11-29,monthly,2018-09-03,expired
BANKNIFTY,2018-12-06,weekly,2018-10-08,expired
BANKNIFTY,2018-12-13,weekly,2018-10-15,expired
BANKNIFTY,2018-12-20,weekly,2018-10-22,expired
BANKNIFTY,2018-12-27,monthly,2018-10-01,expired
BANKNIFTY,2019-01-03,weekly,2018-11-05,expired
BANKNIFTY,2019-01-10,weekly,2018-11-12,expired
BANKNIFTY,2019-01-17,weekly,2018-11-19,expired
BANKNIFTY,2019-01-24,weekly,2018-11-26,expired
BANKNIFTY,2019-01-31,monthly,2018-10-29,expired
BANKNIFTY,2019-02-07,weekly,2018-12-10,expired
BANKNIFTY,2019-02-14,weekly,2018-12-17,expired
BANKNIFTY,2019-02-21,weekly,2018-12-24,expired
BANKNIFTY,2019-02-28,monthly,2018-12-03,expired
BANKNIFTY,2019-03-07,weekly,2019-01-07,expired
BANKNIFTY,2019-03-14,weekly,2019-01-14,expired
BANKNIFTY,2019-03-20,weekly,2019-01-21,expired
BANKNIFTY,2019-03-28,monthly,2018-12-31,expired
BANKNIFTY,2019-04-04,weekly,2019-01-28,expired
BANKNIFTY,2019-04-11,weekly,2019-02-11,expired
BANKNIFTY,2019-04-18,weekly,2019-02-18,expired
BANKNIFTY,2019-04-25,monthly,2019-02-04,expired
BANKNIFTY,2019-05-02,weekly,2019-02-25,expired
BANKNIFTY,2019-05-09,weekly,2019-03-11,expired
BANKNIFTY,2019-05-16,weekly,2019-03-18,expired
BANKNIFTY,2019-05-23,weekly,2019-03-25,expired
BANKNIFTY,2019-05-30,monthly,2019-03-05,expired
BANKNIFTY,2019-06-06,weekly,2019-04-08,expired
BANKNIFTY,2019-06-13,weekly,2019-04-15,expired
BANKNIFTY,2019-06-20,weekly,2019-04-22,expired
BANKNIFTY,2019-06-27,monthly,2019-04-01,expired
BANKNIFTY,2019-07-04,weekly,2019-05-06,expired
BANKNIFTY,2019-07-11,weekly,2019-05-13,expired
BANKNIFTY,2019-07-18,weekly,2019-05-20,expired
BANKNIFTY,2019-07-25,monthly,2019-04-30,expired
BANKNIFTY,2019-08-01,weekly,2019-05-27,expired
BANKNIFTY,2019-08-08,weekly,2019-06-10,expired
BANKNIFTY,2019-08-14,weekly,2019-06-17,expired
BANKNIFTY,2019-08-22,weekly,2019-06-24,expired
BANKNIFTY,2019-08-29,monthly,2019-06-03,expired
BANKNIFTY,2019-09-05,weekly,2019-07-08,expired
BANKNIFTY,2019-09-12,weekly,2019-07-15,expired
BANKNIFTY,2019-09-19,weekly,2019-07-22,expired
BANKNIFTY,2019-09-26,monthly,2019-07-01,expired
BANKNIFTY,2019-10-03,weekly,2019-08-05,expired
BANKNIFTY,2019-10-10,weekly,2019-08-13,expired
BANKNIFTY,2019-10-17,weekly,2019-08-19,expired
BANKNIFTY,2019-10-24,weekly,2019-08-26,expired
BANKNIFTY,2019-10-31,monthly,2019-07-29,expired
BANKNIFTY,2019-11-07,weekly,2019-09-09,expired
BANKNIFTY,2019-11-14,weekly,2019-09-16,expired
BANKNIFTY,2019-11-21,weekly,2019-09-23,expired
BANKNIFTY,2019-11-28,monthly,2019-09-03,expired
BANKNIFTY,2019-12-05,weekly,2019-10-07,expired
BANKNIFTY,2019-12-12,weekly,2019-10-14,expired
BANKNIFTY,2019-12-19,weekly,2019-10-22,expired
BANKNIFTY,2019-12-26,monthly,2019-09-30,expired
BANKNIFTY,2020-01-02,weekly,2019-10-29,expired
BANKNIFTY,2020-01-09,weekly,2019-11-11,expired
BANKNIFTY,2020-01-16,weekly,2019-11-18,expired
BANKNIFTY,2020-01-23,weekly,2019-11-25,expired
BANKNIFTY,2020-01-30,monthly,2019-11-04,expired
BANKNIFTY,2020-02-06,weekly,2019-12-09,expired
BANKNIFTY,2020-02-13,weekly,2019-12-16,expired
BANKNIFTY,2020-02-20,weekly,2019-12-23,expired
BANKNIFTY,2020-02-27,monthly,2019-12-02,expired
BANKNIFTY,2020-03-05,weekly,2020-01-06,expired
BANKNIFTY,2020-03-12,weekly,2020-01-13,expired
BANKNIFTY,2020-03-19,weekly,2020-01-20,expired
BANKNIFTY,2020-03-26,monthly,2019-12-30,expired
BANKNIFTY,2020-04-01,weekly,2020-01-27,expired
BANKNIFTY,2020-04-09,weekly,2020-02-10,expired
BANKNIFTY,2020-04-16,weekly,2020-02-17,expired
BANKNIFTY,2020-04-23,weekly,2020-02-24,expired
BANKNIFTY,2020-04-30,monthly,2020-02-03,expired
BANKNIFTY,2020-05-07,weekly,2020-03-09,expired
BANKNIFTY,2020-05-14,weekly,2020-03-16,expired
BANKNIFTY,2020-05-21,weekly,2020-03-23,expired
BANKNIFTY,2020-05-28,monthly,2020-03-02,expired
BANKNIFTY,2020-06-04,weekly,2020-04-07,expired
BANKNIFTY,2020-06-11,weekly,2020-04-13,expired
BANKNIFTY,2020-06-18,weekly,2020-04-20,expired
BANKNIFTY,2020-06-25,monthly,2020-03-30,expired
BANKNIFTY,2020-07-02,weekly,2020-04-27,expired
BANKNIFTY,2020-07-09,weekly,2020-05-11,expired
BANKNIFTY,2020-07-16,weekly,2020-05-18,expired
BANKNIFTY,2020-07-23,weekly,2020-05-26,expired
BANKNIFTY,2020-07-30,monthly,2020-05-04,expired
BANKNIFTY,2020-08-06,weekly,2020-06-08,expired
BANKNIFTY,2020-08-13,weekly,2020-06-15,expired
BANKNIFTY,2020-08-20,weekly,2020-06-22,expired
BANKNIFTY,2020-08-27,monthly,2020-06-01,expired
BANKNIFTY,2020-09-03,weekly,2020-07-06,expired
BANKNIFTY,2020-09-10,weekly,2020-07-13,expired
BANKNIFTY,2020-09-17,weekly,2020-07-20,expired
BANKNIFTY,2020-09-24,monthly,2020-06-29,expired
BANKNIFTY,2020-10-01,weekly,2020-07-27,expired
BANKNIFTY,2020-10-08,weekly,2020-08-10,expired
BANKNIFTY,2020-10-15,weekly,2020-08-17,expired
BANKNIFTY,2020-10-22,weekly,2020-08-24,expired
BANKNIFTY,2020-10-29,monthly,2020-08-03,expired
BANKNIFTY,2020-11-05,weekly,2020-09-07,expired
BANKNIFTY,2020-11-12,weekly,2020-09-14,expired
BANKNIFTY,2020-11-19,weekly,2020-09-21,expired
BANKNIFTY,2020-11-26,monthly,2020-08-31,expired
BANKNIFTY,2020-12-03,weekly,2020-10-05,expired
BANKNIFTY,2020-12-10,weekly,2020-10-12,expired
BANKNIFTY,2020-12-17,weekly,2020-10-19,expired
BANKNIFTY,2020-12-24,weekly,2020-10-26,expired
BANKNIFTY,2020-12-31,monthly,2020-09-28,expired
BANKNIFTY,2021-01-07,weekly,2020-11-09,expired
BANKNIFTY,2021-01-14,weekly,2020-11-17,expired
BANKNIFTY,2021-01-21,weekly,2020-11-23,expired
BANKNIFTY,2021-01-28,monthly,2020-11-02,expired
BANKNIFTY,2021-02-04,weekly,2020-12-07,expired
BANKNIFTY,2021-02-11,weekly,2020-12-14,expired
BANKNIFTY,2021-02-18,weekly,2020-12-21,expired
BANKNIFTY,2021-02-25,monthly,2020-12-01,expired
BANKNIFTY,2021-03-04,weekly,2020-12-28,expired
BANKNIFTY,2021-03-10,weekly,2021-01-11,expired
BANKNIFTY,2021-03-18,weekly,2021-01-18,expired
BANKNIFTY,2021-03-25,monthly,2020-11-02,expired
BANKNIFTY,2021-04-01,weekly,2021-01-25,expired
BANKNIFTY,2021-04-08,weekly,2021-02-08,expired
BANKNIFTY,2021-04-15,weekly,2021-02-15,expired
BANKNIFTY,2021-04-22,weekly,2021-02-22,expired
BANKNIFTY,2021-04-29,monthly,2021-02-01,expired
BANKNIFTY,2021-05-06,weekly,2021-03-08,expired
BANKNIFTY,2021-05-12,weekly,2021-03-15,expired
BANKNIFTY,2021-05-20,weekly,2021-03-22,expired
BANKNIFTY,2021-05-27,monthly,2021-03-01,expired
BANKNIFTY,2021-06-03,weekly,2021-04-05,expired
BANKNIFTY,2021-06-10,weekly,2021-04-12,expired
BANKNIFTY,2021-06-17,weekly,2021-04-19,expired
BANKNIFTY,2021-06-24,monthly,2020-11-02,expired
BANKNIFTY,2021-07-01,weekly,2021-04-26,expired
BANKNIFTY,2021-07-08,weekly,2021-05-10,expired
BANKNIFTY,2021-07-15,weekly,2021-05-17,expired
BANKNIFTY,2021-07-22,weekly,2021-05-24,expired
BANKNIFTY,2021-07-29,monthly,2021-05-03,expired
BANKNIFTY,2021-08-05,weekly,2021-06-07,expired
BANKNIFTY,2021-08-12,weekly,2021-06-14,expired
BANKNIFTY,2021-08-18,weekly,2021-06-21,expired
BANKNIFTY,2021-08-26,monthly,2021-05-31,expired
BANKNIFTY,2021-09-02,weekly,2021-07-05,expired
BANKNIFTY,2021-09-09,weekly,2021-07-12,expired
BANKNIFTY,2021-09-16,weekly,2021-07-19,expired
BANKNIFTY,2021-09-23,weekly,2021-07-26,expired
BANKNIFTY,2021-09-30,monthly,2020-11-02,expired
BANKNIFTY,2021-10-07,weekly,2021-08-09,expired
BANKNIFTY,2021-10-14,weekly,2021-08-16,expired
BANKNIFTY,2021-10-21,weekly,2021-08-23,expired
BANKNIFTY,2021-10-28,monthly,2021-08-02,expired
BANKNIFTY,2021-11-03,weekly,2021-09-06,expired
BANKNIFTY,2021-11-11,weekly,2021-09-13,expired
BANKNIFTY,2021-11-18,weekly,2021-09-20,expired
BANKNIFTY,2021-11-25,monthly,2021-08-30,expired
BANKNIFTY,2021-12-02,weekly,2021-09-27,expired
BANKNIFTY,2021-12-09,weekly,2021-10-11,expired
BANKNIFTY,2021-12-16,weekly,2021-10-18,expired
BANKNIFTY,2021-12-23,weekly,2021-10-25,expired
BANKNIFTY,2021-12-30,monthly,2021-01-04,expired
BANKNIFTY,2022-01-06,weekly,2021-11-08,expired
BANKNIFTY,2022-01-13,weekly,2021-11-15,expired
BANKNIFTY,2022-01-20,weekly,2021-11-22,expired
BANKNIFTY,2022-01-27,monthly,2021-11-01,expired
BANKNIFTY,2022-02-03,weekly,2021-12-06,expired
BANKNIFTY,2022-02-10,weekly,2021-12-13,expired
BANKNIFTY,2022-02-17,weekly,2021-12-20,expired
BANKNIFTY,2022-02-24,monthly,2021-11-29,expired
BANKNIFTY,2022-03-03,weekly,2021-12-27,expired
BANKNIFTY,2022-03-10,weekly,2022-01-10,expired
BANKNIFTY,2022-03-17,weekly,2022-01-17,expired
BANKNIFTY,2022-03-24,weekly,2022-01-24,expired
BANKNIFTY,2022-03-31,monthly,2021-03-31,expired
BANKNIFTY,2022-04-07,weekly,2022-03-07,expired
BANKNIFTY,2022-04-13,weekly,2022-03-14,expired
BANKNIFTY,2022-04-21,weekly,2022-03-21,expired
BANKNIFTY,2022-04-28,monthly,2022-01-31,expired
BANKNIFTY,2022-05-05,weekly,2022-03-28,expired
BANKNIFTY,2022-05-12,weekly,2022-04-11,expired
BANKNIFTY,2022-05-19,weekly,2022-04-18,expired
BANKNIFTY,2022-05-26,monthly,2022-02-28,expired
BANKNIFTY,2022-06-02,weekly,2022-04-25,expired
BANKNIFTY,2022-06-09,weekly,2022-05-09,expired
BANKNIFTY,2022-06-16,weekly,2022-05-16,expired
BANKNIFTY,2022-06-23,weekly,2022-05-23,expired
BANKNIFTY,2022-06-30,monthly,2021-06-28,expired
BANKNIFTY,2022-07-07,weekly,2022-06-06,expired
BANKNIFTY,2022-07-14,weekly,2022-06-13,expired
BANKNIFTY,2022-07-21,weekly,2022-06-20,expired
BANKNIFTY,2022-07-28,monthly,2022-05-02,expired
BANKNIFTY,2022-08-04,weekly,2022-06-27,expired
BANKNIFTY,2022-08-11,weekly,2022-07-11,expired
BANKNIFTY,2022-08-18,weekly,2022-07-18,expired
BANKNIFTY,2022-08-25,monthly,2022-05-30,expired
BANKNIFTY,2022-09-01,weekly,2022-07-25,expired
BANKNIFTY,2022-09-08,weekly,2022-08-08,expired
BANKNIFTY,2022-09-15,weekly,2022-08-16,expired
BANKNIFTY,2022-09-22,weekly,2022-08-22,expired
BANKNIFTY,2022-09-29,monthly,2021-10-04,expired
BANKNIFTY,2022-10-06,weekly,2022-09-05,expired
BANKNIFTY,2022-10-13,weekly,2022-09-12,expired
BANKNIFTY,2022-10-20,weekly,2022-09-19,expired
BANKNIFTY,2022-10-27,monthly,2022-08-01,expired
BANKNIFTY,2022-11-03,weekly,2022-09-26,expired
BANKNIFTY,2022-11-10,weekly,2022-10-10,expired
BANKNIFTY,2022-11-17,weekly,2022-10-17,expired
BANKNIFTY,2022-11-24,monthly,2022-08-29,expired
BANKNIFTY,2022-12-01,weekly,2022-10-24,expired
BANKNIFTY,2022-12-08,weekly,2022-11-07,expired
BANKNIFTY,2022-12-15,weekly,2022-11-14,expired
BANKNIFTY,2022-12-22,weekly,2022-11-21,expired
BANKNIFTY,2022-12-29,monthly,2022-01-03,expired
BANKNIFTY,2023-01-05,weekly,2022-12-05,expired
BANKNIFTY,2023-01-12,weekly,2022-12-12,expired
BANKNIFTY,2023-01-19,weekly,2022-12-19,expired
BANKNIFTY,2023-01-25,monthly,2022-10-31,expired
BANKNIFTY,2023-02-02,weekly,2022-12-26,expired
BANKNIFTY,2023-02-09,weekly,2023-01-09,expired
BANKNIFTY,2023-02-16,weekly,2023-01-16,expired
BANKNIFTY,2023-02-23,monthly,2022-11-28,expired
BANKNIFTY,2023-03-02,weekly,2023-01-23,expired
BANKNIFTY,2023-03-09,weekly,2023-02-06,expired
BANKNIFTY,2023-03-16,weekly,2023-02-13,expired
BANKNIFTY,2023-03-23,weekly,2023-02-20,expired
BANKNIFTY,2023-03-29,monthly,2022-04-04,expired
BANKNIFTY,2023-04-06,weekly,2023-03-06,expired
BANKNIFTY,2023-04-13,weekly,2023-03-13,expired
BANKNIFTY,2023-04-20,weekly,2023-03-20,expired
BANKNIFTY,2023-04-27,monthly,2023-01-30,expired
BANKNIFTY,2023-05-04,weekly,2023-03-27,expired
BANKNIFTY,2023-05-11,weekly,2023-04-10,expired
BANKNIFTY,2023-05-18,weekly,2023-04-17,expired
BANKNIFTY,2023-05-25,monthly,2023-02-27,expired
BANKNIFTY,2023-06-01,weekly,2023-04-24,expired
BANKNIFTY,2023-06-08,weekly,2023-05-08,expired
BANKNIFTY,2023-06-15,weekly,2023-05-15,expired
BANKNIFTY,2023-06-22,weekly,2023-05-22,expired
BANKNIFTY,2023-06-28,monthly,2022-07-04,expired
BANKNIFTY,2023-07-06,weekly,2023-06-05,expired
BANKNIFTY,2023-07-13,weekly,2023-06-12,expired
BANKNIFTY,2023-07-20,weekly,2023-06-19,expired
BANKNIFTY,2023-07-27,monthly,2023-05-02,expired
BANKNIFTY,2023-08-03,weekly,2023-06-26,expired
BANKNIFTY,2023-08-10,weekly,2023-07-10,expired
BANKNIFTY,2023-08-17,weekly,2023-07-17,expired
BANKNIFTY,2023-08-24,weekly,2023-07-24,expired
BANKNIFTY,2023-08-31,monthly,2023-05-29,expired
BANKNIFTY,2023-09-06,weekly,2023-08-07,expired
BANKNIFTY,2023-09-13,weekly,2023-08-14,expired
BANKNIFTY,2023-09-20,weekly,2023-08-21,expired
BANKNIFTY,2023-09-28,monthly,2022-10-03,expired
BANKNIFTY,2023-10-04,weekly,2023-08-28,expired
BANKNIFTY,2023-10-11,weekly,2023-09-11,expired
BANKNIFTY,2023-10-18,weekly,2023-09-18,expired
BANKNIFTY,2023-10-26,monthly,2023-07-31,expired
BANKNIFTY,2023-11-01,weekly,2023-09-25,expired
BANKNIFTY,2023-11-08,weekly,2023-10-09,expired
BANKNIFTY,2023-11-15,weekly,2023-10-16,expired
BANKNIFTY,2023-11-22,weekly,2023-10-23,expired
BANKNIFTY,2023-11-30,monthly,2023-09-04,expired
BANKNIFTY,2023-12-06,weekly,2023-11-06,expired
BANKNIFTY,2023-12-13,weekly,2023-11-13,expired
BANKNIFTY,2023-12-20,weekly,2023-11-20,expired
BANKNIFTY,2023-12-28,monthly,2023-01-02,expired
BANKNIFTY,2024-01-03,weekly,2023-11-28,expired
BANKNIFTY,2024-01-10,weekly,2023-12-11,expired
BANKNIFTY,2024-01-17,weekly,2023-12-18,expired
BANKNIFTY,2024-01-25,monthly,2023-10-30,expired
BANKNIFTY,2024-01-31,weekly,2023-12-26,expired
BANKNIFTY,2024-02-07,weekly,2024-01-08,expired
BANKNIFTY,2024-02-14,weekly,2024-01-15,expired
BANKNIFTY,2024-02-21,weekly,2024-01-23,expired
BANKNIFTY,2024-02-29,monthly,2023-12-04,expired
BANKNIFTY,2024-03-06,weekly,2024-02-05,expired
BANKNIFTY,2024-03-13,weekly,2024-02-12,expired
BANKNIFTY,2024-03-20,weekly,2024-02-19,expired
BANKNIFTY,2024-03-27,monthly,2023-04-03,expired
BANKNIFTY,2024-04-03,weekly,2024-02-26,expired
BANKNIFTY,2024-04-10,weekly,2024-03-11,expired
BANKNIFTY,2024-04-16,weekly,2024-03-18,expired
BANKNIFTY,2024-04-24,monthly,2024-01-29,expired
BANKNIFTY,2024-04-30,weekly,2024-03-26,expired
BANKNIFTY,2024-05-08,weekly,2024-04-08,expired
BANKNIFTY,2024-05-15,weekly,2024-04-15,expired
BANKNIFTY,2024-05-22,weekly,2024-04-22,expired
BANKNIFTY,2024-05-29,monthly,2024-03-04,expired
BANKNIFTY,2024-06-05,weekly,2024-05-06,expired
BANKNIFTY,2024-06-12,weekly,2024-05-13,expired
BANKNIFTY,2024-06-19,weekly,2024-05-21,expired
BANKNIFTY,2024-06-26,monthly,2023-07-03,expired
BANKNIFTY,2024-07-03,weekly,2024-05-27,expired
BANKNIFTY,2024-07-10,weekly,2024-06-10,expired
BANKNIFTY,2024-07-16,weekly,2024-06-18,expired
BANKNIFTY,2024-07-24,weekly,2024-06-24,expired
BANKNIFTY,2024-07-31,monthly,2024-04-29,expired
BANKNIFTY,2024-08-07,weekly,2024-07-08,expired
BANKNIFTY,2024-08-14,weekly,2024-07-15,expired
BANKNIFTY,2024-08-21,weekly,2024-07-22,expired
BANKNIFTY,2024-08-28,monthly,2024-06-03,expired
BANKNIFTY,2024-09-04,weekly,2024-07-29,expired
BANKNIFTY,2024-09-11,weekly,2024-08-12,expired
BANKNIFTY,2024-09-18,weekly,2024-08-19,expired
BANKNIFTY,2024-09-25,monthly,2023-10-03,expired
BANKNIFTY,2024-10-01,weekly,2024-08-26,expired
BANKNIFTY,2024-10-09,weekly,2024-09-09,expired
BANKNIFTY,2024-10-16,weekly,2024-09-16,expired
BANKNIFTY,2024-10-23,weekly,2024-09-23,expired
BANKNIFTY,2024-10-30,monthly,2024-08-05,expired
BANKNIFTY,2024-11-06,weekly,2024-10-07,expired
BANKNIFTY,2024-11-13,weekly,2024-10-14,expired
BANKNIFTY,2024-11-27,monthly,2024-09-02,expired
BANKNIFTY,2024-12-24,monthly,2024-01-01,expired
BANKNIFTY,2025-01-30,monthly,2024-11-04,expired
BANKNIFTY,2025-02-27,monthly,2024-12-02,expired
BANKNIFTY,2025-03-27,monthly,2024-04-01,expired
BANKNIFTY,2025-04-24,monthly,2025-02-03,expired
BANKNIFTY,2025-05-29,monthly,2025-03-03,expired
BANKNIFTY,2025-06-26,monthly,2024-07-01,expired
BANKNIFTY,2025-07-31,monthly,2025-04-28,expired
BANKNIFTY,2025-08-28,monthly,2025-06-02,expired
BANKNIFTY,2025-09-30,monthly,2024-09-30,expired
BANKNIFTY,2025-10-28,monthly,2025-08-04,expired
BANKNIFTY,2025-11-25,monthly,2025-09-01,expired
BANKNIFTY,2025-12-30,monthly,2024-12-30,expired
BANKNIFTY,2026-01-27,monthly,2025-11-03,expired
BANKNIFTY,2026-02-24,monthly,2025-12-01,expired
BANKNIFTY,2026-03-30,monthly,2025-04-01,expired
BANKNIFTY,2026-04-28,monthly,2026-02-02,expired
BANKNIFTY,2026-05-26,monthly,2026-03-02,expired
BANKNIFTY,2026-06-30,monthly,2025-06-30,expired
BANKNIFTY,2026-07-28,monthly,2026-05-04,expired
BANKNIFTY,2026-08-25,monthly,2026-06-01,expired
BANKNIFTY,2026-09-29,monthly,2025-10-06,expired
BANKNIFTY,2026-10-27,monthly,2026-08-03,listed
BANKNIFTY,2026-11-23,monthly,2026-08-31,listed
BANKNIFTY,2026-12-29,monthly,2026-01-05,listed
BANKNIFTY,2027-03-30,monthly,2026-04-06,listed
BANKNIFTY,2027-06-29,monthly,2026-07-06,listed
BANKNIFTY,2027-09-28,monthly,2026-10-05,listed
FINNIFTY,2021-01-14,monthly,2021-01-11,expired
FINNIFTY,2021-01-21,monthly,2021-01-11,expired
FINNIFTY,2021-01-28,monthly,2021-01-11,expired
FINNIFTY,2021-02-04,monthly,2021-01-11,expired
FINNIFTY,2021-02-11,monthly,2021-01-11,expired
FINNIFTY,2021-02-18,monthly,2021-01-11,expired
FINNIFTY,2021-02-25,monthly,2021-01-11,expired
FINNIFTY,2021-03-04,monthly,2021-01-11,expired
FINNIFTY,2021-03-10,monthly,2021-01-11,expired
FINNIFTY,2021-03-18,monthly,2021-01-18,expired
FINNIFTY,2021-03-25,monthly,2021-01-11,expired
FINNIFTY,2021-04-01,monthly,2021-01-25,expired
FINNIFTY,2021-04-08,monthly,2021-02-08,expired
FINNIFTY,2021-04-15,monthly,2021-02-15,expired
FINNIFTY,2021-04-22,monthly,2021-02-22,expired
FINNIFTY,2021-04-29,monthly,2021-02-01,expired
FINNIFTY,2021-05-06,monthly,2021-03-08,expired
FINNIFTY,2021-05-12,monthly,2021-03-15,expired
FINNIFTY,2021-05-20,monthly,2021-03-22,expired
FINNIFTY,2021-05-27,monthly,2021-03-01,expired
FINNIFTY,2021-06-03,monthly,2021-04-05,expired
FINNIFTY,2021-06-10,monthly,2021-04-12,expired
FINNIFTY,2021-06-17,monthly,2021-04-19,expired
FINNIFTY,2021-06-24,monthly,2021-03-31,expired
FINNIFTY,2021-07-01,monthly,2021-04-26,expired
FINNIFTY,2021-07-08,monthly,2021-05-10,expired
FINNIFTY,2021-07-15,monthly,2021-05-17,expired
FINNIFTY,2021-07-22,monthly,2021-05-24,expired
FINNIFTY,2021-07-29,monthly,2021-05-03,expired
FINNIFTY,2021-08-05,monthly,2021-06-07,expired
FINNIFTY,2021-08-12,monthly,2021-06-14,expired
FINNIFTY,2021-08-18,monthly,2021-06-21,expired
FINNIFTY,2021-08-26,monthly,2021-05-31,expired
FINNIFTY,2021-09-02,monthly,2021-07-05,expired
FINNIFTY,2021-09-09,monthly,2021-07-12,expired
FINNIFTY,2021-09-16,monthly,2021-07-19,expired
FINNIFTY,2021-09-23,monthly,2021-07-26,expired
FINNIFTY,2021-09-30,monthly,2021-06-28,expired
FINNIFTY,2021-10-07,monthly,2021-08-09,expired
FINNIFTY,2021-10-14,monthly,2021-08-16,expired
FINNIFTY,2021-10-19,monthly,2021-08-23,expired
FINNIFTY,2021-10-26,monthly,2021-08-02,expired
FINNIFTY,2021-11-02,monthly,2021-09-06,expired
FINNIFTY,2021-11-09,monthly,2021-09-13,expired
FINNIFTY,2021-11-16,monthly,2021-09-20,expired
FINNIFTY,2021-11-23,monthly,2021-08-30,expired
FINNIFTY,2021-11-30,monthly,2021-09-27,expired
FINNIFTY,2021-12-07,monthly,2021-10-11,expired
FINNIFTY,2021-12-14,weekly,2021-10-18,expired
FINNIFTY,2021-12-21,weekly,2021-10-25,expired
FINNIFTY,2021-12-28,monthly,2021-10-04,expired
FINNIFTY,2022-01-04,weekly,2021-11-08,expired
FINNIFTY,2022-01-11,weekly,2021-11-15,expired
FINNIFTY,2022-01-18,weekly,2021-11-22,expired
FINNIFTY,2022-01-25,monthly,2021-11-01,expired
FINNIFTY,2022-02-01,weekly,2021-11-29,expired
FINNIFTY,2022-02-08,weekly,2021-12-13,expired
FINNIFTY,2022-02-15,weekly,2021-12-20,expired
FINNIFTY,2022-02-22,monthly,2021-12-06,expired
FINNIFTY,2022-02-28,weekly,2021-12-27,expired
FINNIFTY,2022-03-08,weekly,2022-01-10,expired
FINNIFTY,2022-03-15,weekly,2022-01-17,expired
FINNIFTY,2022-03-22,weekly,2022-01-24,expired
FINNIFTY,2022-03-29,monthly,2022-01-03,expired
FINNIFTY,2022-04-05,weekly,2022-02-07,expired
FINNIFTY,2022-04-12,weekly,2022-02-14,expired
FINNIFTY,2022-04-19,weekly,2022-02-21,expired
FINNIFTY,2022-04-26,monthly,2022-01-31,expired
FINNIFTY,2022-05-02,weekly,2022-03-07,expired
FINNIFTY,2022-05-10,weekly,2022-03-14,expired
FINNIFTY,2022-05-17,weekly,2022-03-21,expired
FINNIFTY,2022-05-24,weekly,2022-03-28,expired
FINNIFTY,2022-05-31,monthly,2022-02-28,expired
FINNIFTY,2022-06-07,weekly,2022-04-11,expired
FINNIFTY,2022-06-14,weekly,2022-04-18,expired
FINNIFTY,2022-06-21,weekly,2022-04-25,expired
FINNIFTY,2022-06-28,monthly,2022-04-04,expired
FINNIFTY,2022-07-05,weekly,2022-05-09,expired
FINNIFTY,2022-07-12,weekly,2022-05-16,expired
FINNIFTY,2022-07-19,weekly,2022-05-23,expired
FINNIFTY,2022-07-26,monthly,2022-05-02,expired
FINNIFTY,2022-08-02,weekly,2022-05-30,expired
FINNIFTY,2022-08-08,weekly,2022-06-13,expired
FINNIFTY,2022-08-16,weekly,2022-06-20,expired
FINNIFTY,2022-08-23,weekly,2022-06-27,expired
FINNIFTY,2022-08-30,monthly,2022-06-06,expired
FINNIFTY,2022-09-06,weekly,2022-07-11,expired
FINNIFTY,2022-09-13,weekly,2022-07-18,expired
FINNIFTY,2022-09-20,weekly,2022-07-25,expired
FINNIFTY,2022-09-27,monthly,2022-07-04,expired
FINNIFTY,2022-10-04,weekly,2022-08-08,expired
FINNIFTY,2022-10-11,weekly,2022-08-16,expired
FINNIFTY,2022-10-18,weekly,2022-08-22,expired
FINNIFTY,2022-10-25,monthly,2022-08-01,expired
FINNIFTY,2022-11-01,weekly,2022-08-29,expired
FINNIFTY,2022-11-07,weekly,2022-09-12,expired
FINNIFTY,2022-11-15,weekly,2022-09-19,expired
FINNIFTY,2022-11-22,weekly,2022-09-26,expired
FINNIFTY,2022-11-29,monthly,2022-09-05,expired
FINNIFTY,2022-12-06,weekly,2022-10-10,expired
FINNIFTY,2022-12-13,weekly,2022-10-17,expired
FINNIFTY,2022-12-20,weekly,2022-10-24,expired
FINNIFTY,2022-12-27,monthly,2022-10-03,expired
FINNIFTY,2023-01-03,weekly,2022-11-07,expired
FINNIFTY,2023-01-10,weekly,2022-11-14,expired
FINNIFTY,2023-01-17,weekly,2022-11-21,expired
FINNIFTY,2023-01-24,weekly,2022-11-28,expired
FINNIFTY,2023-01-31,monthly,2022-10-31,expired
FINNIFTY,2023-02-07,weekly,2022-12-12,expired
FINNIFTY,2023-02-14,weekly,2023-01-16,expired
FINNIFTY,2023-02-21,weekly,2023-01-23,expired
FINNIFTY,2023-02-28,monthly,2022-12-05,expired
FINNIFTY,2023-03-06,weekly,2023-01-30,expired
FINNIFTY,2023-03-14,weekly,2023-02-13,expired
FINNIFTY,2023-03-21,weekly,2023-02-20,expired
FINNIFTY,2023-03-28,monthly,2023-01-02,expired
FINNIFTY,2023-04-03,weekly,2023-02-27,expired
FINNIFTY,2023-04-11,weekly,2023-03-13,expired
FINNIFTY,2023-04-18,weekly,2023-03-20,expired
FINNIFTY,2023-04-25,monthly,2023-02-06,expired
FINNIFTY,2023-05-02,weekly,2023-03-27,expired
FINNIFTY,2023-05-09,weekly,2023-04-10,expired
FINNIFTY,2023-05-16,weekly,2023-04-17,expired
FINNIFTY,2023-05-23,weekly,2023-04-24,expired
FINNIFTY,2023-05-30,monthly,2023-03-06,expired
FINNIFTY,2023-06-06,weekly,2023-05-08,expired
FINNIFTY,2023-06-13,weekly,2023-05-15,expired
FINNIFTY,2023-06-20,weekly,2023-05-22,expired
FINNIFTY,2023-06-27,monthly,2023-04-03,expired
FINNIFTY,2023-07-04,weekly,2023-05-29,expired
FINNIFTY,2023-07-11,weekly,2023-06-12,expired
FINNIFTY,2023-07-18,weekly,2023-06-19,expired
FINNIFTY,2023-07-25,monthly,2023-05-02,expired
FINNIFTY,2023-08-01,weekly,2023-06-26,expired
FINNIFTY,2023-08-08,weekly,2023-07-10,expired
FINNIFTY,2023-08-14,weekly,2023-07-17,expired
FINNIFTY,2023-08-22,weekly,2023-07-24,expired
FINNIFTY,2023-08-29,monthly,2023-06-05,expired
FINNIFTY,2023-09-05,weekly,2023-08-07,expired
FINNIFTY,2023-09-12,weekly,2023-08-14,expired
FINNIFTY,2023-09-18,weekly,2023-08-21,expired
FINNIFTY,2023-09-26,monthly,2023-07-03,expired
FINNIFTY,2023-10-03,weekly,2023-08-28,expired
FINNIFTY,2023-10-10,weekly,2023-09-11,expired
FINNIFTY,2023-10-17,weekly,2023-09-18,expired
FINNIFTY,2023-10-23,weekly,2023-09-25,expired
FINNIFTY,2023-10-31,monthly,2023-07-31,expired
FINNIFTY,2023-11-07,weekly,2023-10-09,expired
FINNIFTY,2023-11-13,weekly,2023-10-16,expired
FINNIFTY,2023-11-21,weekly,2023-10-23,expired
FINNIFTY,2023-11-28,monthly,2023-09-04,expired
FINNIFTY,2023-12-05,weekly,2023-10-30,expired
FINNIFTY,2023-12-12,weekly,2023-11-13,expired
FINNIFTY,2023-12-19,weekly,2023-11-20,expired
FINNIFTY,2023-12-26,monthly,2023-10-03,expired
FINNIFTY,2024-01-02,weekly,2023-11-28,expired
FINNIFTY,2024-01-09,weekly,2023-12-11,expired
FINNIFTY,2024-01-16,weekly,2023-12-18,expired
FINNIFTY,2024-01-23,weekly,2023-12-26,expired
FINNIFTY,2024-01-30,monthly,2023-11-06,expired
FINNIFTY,2024-02-06,weekly,2024-01-08,expired
FINNIFTY,2024-02-13,weekly,2024-01-15,expired
FINNIFTY,2024-02-20,weekly,2024-01-23,expired
FINNIFTY,2024-02-27,monthly,2023-12-04,expired
FINNIFTY,2024-03-05,weekly,2024-01-29,expired
FINNIFTY,2024-03-12,weekly,2024-02-12,expired
FINNIFTY,2024-03-19,weekly,2024-02-19,expired
FINNIFTY,2024-03-26,monthly,2024-01-01,expired
FINNIFTY,2024-04-02,weekly,2024-02-26,expired
FINNIFTY,2024-04-09,weekly,2024-03-11,expired
FINNIFTY,2024-04-16,weekly,2024-03-18,expired
FINNIFTY,2024-04-23,weekly,2024-03-26,expired
FINNIFTY,2024-04-30,monthly,2024-02-05,expired
FINNIFTY,2024-05-07,weekly,2024-04-08,expired
FINNIFTY,2024-05-14,weekly,2024-04-15,expired
FINNIFTY,2024-05-21,weekly,2024-04-22,expired
FINNIFTY,2024-05-28,monthly,2024-03-04,expired
FINNIFTY,2024-06-04,weekly,2024-04-29,expired
FINNIFTY,2024-06-11,weekly,2024-05-13,expired
FINNIFTY,2024-06-18,weekly,2024-05-21,expired
FINNIFTY,2024-06-25,monthly,2024-04-01,expired
FINNIFTY,2024-07-02,weekly,2024-05-27,expired
FINNIFTY,2024-07-09,weekly,2024-06-10,expired
FINNIFTY,2024-07-16,weekly,2024-06-18,expired
FINNIFTY,2024-07-23,weekly,2024-06-24,expired
FINNIFTY,2024-07-30,monthly,2024-05-06,expired
FINNIFTY,2024-08-06,weekly,2024-07-08,expired
FINNIFTY,2024-08-13,weekly,2024-07-15,expired
FINNIFTY,2024-08-20,weekly,2024-07-22,expired
FINNIFTY,2024-08-27,monthly,2024-06-03,expired
FINNIFTY,2024-09-03,weekly,2024-07-29,expired
FINNIFTY,2024-09-10,weekly,2024-08-12,expired
FINNIFTY,2024-09-17,weekly,2024-08-19,expired
FINNIFTY,2024-09-24,monthly,2024-07-01,expired
FINNIFTY,2024-10-01,weekly,2024-08-26,expired
FINNIFTY,2024-10-08,weekly,2024-09-09,expired
FINNIFTY,2024-10-15,weekly,2024-09-16,expired
FINNIFTY,2024-10-22,weekly,2024-09-23,expired
FINNIFTY,2024-10-29,monthly,2024-08-05,expired
FINNIFTY,2024-11-05,weekly,2024-10-07,expired
FINNIFTY,2024-11-12,weekly,2024-10-14,expired
FINNIFTY,2024-11-19,weekly,2024-10-21,expired
FINNIFTY,2024-11-26,monthly,2024-09-02,expired
FINNIFTY,2024-12-31,monthly,2024-09-30,expired
FINNIFTY,2025-01-30,monthly,2024-11-04,expired
FINNIFTY,2025-02-27,monthly,2024-12-02,expired
FINNIFTY,2025-03-27,monthly,2025-01-06,expired
FINNIFTY,2025-04-24,monthly,2025-02-03,expired
FINNIFTY,2025-05-29,monthly,2025-03-03,expired
FINNIFTY,2025-06-26,monthly,2025-04-01,expired
FINNIFTY,2025-07-31,monthly,2025-04-28,expired
FINNIFTY,2025-08-28,monthly,2025-06-02,expired
FINNIFTY,2025-09-30,monthly,2025-06-30,expired
FINNIFTY,2025-10-28,monthly,2025-08-04,expired
FINNIFTY,2025-11-25,monthly,2025-09-01,expired
FINNIFTY,2025-12-30,monthly,2025-10-06,expired
FINNIFTY,2026-01-27,monthly,2025-11-03,expired
FINNIFTY,2026-02-24,monthly,2025-12-01,expired
FINNIFTY,2026-03-30,monthly,2026-01-05,expired
FINNIFTY,2026-04-28,monthly,2026-02-02,expired
FINNIFTY,2026-05-26,monthly,2026-03-02,expired
FINNIFTY,2026-06-30,monthly,2026-04-06,expired
FINNIFTY,2026-07-28,monthly,2026-05-04,expired
FINNIFTY,2026-08-25,monthly,2026-06-01,expired
FINNIFTY,2026-09-29,monthly,2026-07-06,expired
FINNIFTY,2026-10-27,monthly,2026-08-03,listed
FINNIFTY,2026-11-23,monthly,2026-08-31,listed
FINNIFTY,2026-12-29,monthly,2026-10-05,listed
MIDCPNIFTY,2022-01-25,monthly,2022-01-24,expired
MIDCPNIFTY,2022-02-01,monthly,2022-01-24,expired
MIDCPNIFTY,2022-02-08,monthly,2022-01-24,expired
MIDCPNIFTY,2022-02-15,monthly,2022-01-24,expired
MIDCPNIFTY,2022-02-22,monthly,2022-01-24,expired
MIDCPNIFTY,2022-02-28,monthly,2022-01-24,expired
MIDCPNIFTY,2022-03-08,monthly,2022-01-24,expired
MIDCPNIFTY,2022-03-15,monthly,2022-01-24,expired
MIDCPNIFTY,2022-03-22,monthly,2022-01-24,expired
MIDCPNIFTY,2022-03-29,monthly,2022-01-24,expired
MIDCPNIFTY,2022-04-05,monthly,2022-02-07,expired
MIDCPNIFTY,2022-04-12,monthly,2022-02-14,expired
MIDCPNIFTY,2022-04-19,monthly,2022-02-21,expired
MIDCPNIFTY,2022-04-26,monthly,2022-01-31,expired
MIDCPNIFTY,2022-05-02,monthly,2022-03-07,expired
MIDCPNIFTY,2022-05-10,monthly,2022-03-14,expired
MIDCPNIFTY,2022-05-17,monthly,2022-03-21,expired
MIDCPNIFTY,2022-05-24,monthly,2022-03-28,expired
MIDCPNIFTY,2022-05-31,monthly,2022-02-28,expired
MIDCPNIFTY,2022-06-07,monthly,2022-04-11,expired
MIDCPNIFTY,2022-06-14,monthly,2022-04-18,expired
MIDCPNIFTY,2022-06-21,monthly,2022-04-25,expired
MIDCPNIFTY,2022-06-28,monthly,2022-04-04,expired
MIDCPNIFTY,2022-07-05,monthly,2022-05-09,expired
MIDCPNIFTY,2022-07-12,monthly,2022-05-16,expired
MIDCPNIFTY,2022-07-19,monthly,2022-05-23,expired
MIDCPNIFTY,2022-07-26,monthly,2022-05-02,expired
MIDCPNIFTY,2022-08-02,monthly,2022-05-30,expired
MIDCPNIFTY,2022-08-08,monthly,2022-06-13,expired
MIDCPNIFTY,2022-08-16,monthly,2022-06-20,expired
MIDCPNIFTY,2022-08-23,monthly,2022-06-27,expired
MIDCPNIFTY,2022-08-30,monthly,2022-06-06,expired
MIDCPNIFTY,2022-09-06,monthly,2022-07-11,expired
MIDCPNIFTY,2022-09-13,monthly,2022-07-18,expired
MIDCPNIFTY,2022-09-20,monthly,2022-07-25,expired
MIDCPNIFTY,2022-09-27,monthly,2022-07-04,expired
MIDCPNIFTY,2022-10-04,monthly,2022-08-08,expired
MIDCPNIFTY,2022-10-11,monthly,2022-08-16,expired
MIDCPNIFTY,2022-10-18,monthly,2022-08-22,expired
MIDCPNIFTY,2022-10-25,monthly,2022-08-01,expired
MIDCPNIFTY,2022-11-01,monthly,2022-08-29,expired
MIDCPNIFTY,2022-11-07,monthly,2022-09-12,expired
MIDCPNIFTY,2022-11-15,monthly,2022-09-19,expired
MIDCPNIFTY,2022-11-22,monthly,2022-09-26,expired
MIDCPNIFTY,2022-11-29,monthly,2022-09-05,expired
MIDCPNIFTY,2022-12-06,monthly,2022-10-10,expired
MIDCPNIFTY,2022-12-13,monthly,2022-10-17,expired
MIDCPNIFTY,2022-12-20,monthly,2022-10-24,expired
MIDCPNIFTY,2022-12-27,monthly,2022-10-03,expired
MIDCPNIFTY,2023-01-03,monthly,2022-11-07,expired
MIDCPNIFTY,2023-01-10,monthly,2022-11-14,expired
MIDCPNIFTY,2023-01-17,monthly,2022-11-21,expired
MIDCPNIFTY,2023-01-24,monthly,2022-11-28,expired
MIDCPNIFTY,2023-01-31,monthly,2022-10-31,expired
MIDCPNIFTY,2023-02-07,monthly,2022-12-12,expired
MIDCPNIFTY,2023-02-14,monthly,2023-01-16,expired
MIDCPNIFTY,2023-02-21,monthly,2023-01-23,expired
MIDCPNIFTY,2023-02-28,monthly,2022-12-05,expired
MIDCPNIFTY,2023-03-06,monthly,2023-01-30,expired
MIDCPNIFTY,2023-03-14,monthly,2023-02-13,expired
MIDCPNIFTY,2023-03-21,monthly,2023-02-20,expired
MIDCPNIFTY,2023-03-28,monthly,2023-01-02,expired
MIDCPNIFTY,2023-04-03,monthly,2023-02-27,expired
MIDCPNIFTY,2023-04-11,monthly,2023-03-13,expired
MIDCPNIFTY,2023-04-18,monthly,2023-03-20,expired
MIDCPNIFTY,2023-04-25,monthly,2023-02-06,expired
MIDCPNIFTY,2023-05-03,monthly,2023-03-27,expired
MIDCPNIFTY,2023-05-10,monthly,2023-04-10,expired
MIDCPNIFTY,2023-05-17,monthly,2023-04-17,expired
MIDCPNIFTY,2023-05-24,monthly,2023-04-24,expired
MIDCPNIFTY,2023-05-31,monthly,2023-03-06,expired
MIDCPNIFTY,2023-06-07,weekly,2023-05-08,expired
MIDCPNIFTY,2023-06-14,weekly,2023-05-15,expired
MIDCPNIFTY,2023-06-21,weekly,2023-05-22,expired
MIDCPNIFTY,2023-06-27,monthly,2023-04-03,expired
MIDCPNIFTY,2023-07-05,weekly,2023-05-29,expired
MIDCPNIFTY,2023-07-12,weekly,2023-06-12,expired
MIDCPNIFTY,2023-07-19,weekly,2023-06-19,expired
MIDCPNIFTY,2023-07-26,monthly,2023-05-02,expired
MIDCPNIFTY,2023-08-02,weekly,2023-06-26,expired
MIDCPNIFTY,2023-08-09,weekly,2023-07-10,expired
MIDCPNIFTY,2023-08-16,weekly,2023-07-17,expired
MIDCPNIFTY,2023-08-21,weekly,2023-07-24,expired
MIDCPNIFTY,2023-08-28,monthly,2023-06-05,expired
MIDCPNIFTY,2023-09-04,weekly,2023-08-07,expired
MIDCPNIFTY,2023-09-11,weekly,2023-08-14,expired
MIDCPNIFTY,2023-09-18,weekly,2023-08-21,expired
MIDCPNIFTY,2023-09-25,monthly,2023-07-03,expired
MIDCPNIFTY,2023-09-29,weekly,2023-08-28,expired
MIDCPNIFTY,2023-10-09,weekly,2023-09-11,expired
MIDCPNIFTY,2023-10-16,weekly,2023-09-18,expired
MIDCPNIFTY,2023-10-23,monthly,2023-07-31,expired
MIDCPNIFTY,2023-10-30,monthly,2023-08-21,expired
MIDCPNIFTY,2023-11-06,weekly,2023-10-03,expired
MIDCPNIFTY,2023-11-13,weekly,2023-10-16,expired
MIDCPNIFTY,2023-11-20,weekly,2023-10-23,expired
MIDCPNIFTY,2023-11-24,monthly,2023-09-04,expired
MIDCPNIFTY,2023-12-04,weekly,2023-10-30,expired
MIDCPNIFTY,2023-12-11,weekly,2023-11-13,expired
MIDCPNIFTY,2023-12-18,weekly,2023-11-20,expired
MIDCPNIFTY,2023-12-22,monthly,2023-10-03,expired
MIDCPNIFTY,2024-01-01,weekly,2023-11-28,expired
MIDCPNIFTY,2024-01-08,weekly,2023-12-11,expired
MIDCPNIFTY,2024-01-15,weekly,2023-12-18,expired
MIDCPNIFTY,2024-01-29,monthly,2023-11-06,expired
MIDCPNIFTY,2024-02-05,weekly,2024-01-08,expired
MIDCPNIFTY,2024-02-12,weekly,2024-01-15,expired
MIDCPNIFTY,2024-02-19,weekly,2024-01-23,expired
MIDCPNIFTY,2024-02-26,monthly,2023-11-28,expired
MIDCPNIFTY,2024-03-04,weekly,2024-01-23,expired
MIDCPNIFTY,2024-03-11,weekly,2024-02-12,expired
MIDCPNIFTY,2024-03-18,weekly,2024-02-19,expired
MIDCPNIFTY,2024-03-22,monthly,2023-12-26,expired
MIDCPNIFTY,2024-04-01,weekly,2024-02-26,expired
MIDCPNIFTY,2024-04-08,weekly,2024-03-11,expired
MIDCPNIFTY,2024-04-15,weekly,2024-03-18,expired
MIDCPNIFTY,2024-04-22,weekly,2024-03-26,expired
MIDCPNIFTY,2024-04-29,monthly,2024-02-05,expired
MIDCPNIFTY,2024-05-06,weekly,2024-04-08,expired
MIDCPNIFTY,2024-05-13,weekly,2024-04-15,expired
MIDCPNIFTY,2024-05-17,weekly,2024-04-22,expired
MIDCPNIFTY,2024-05-27,monthly,2024-03-04,expired
MIDCPNIFTY,2024-06-03,weekly,2024-04-29,expired
MIDCPNIFTY,2024-06-10,weekly,2024-05-13,expired
MIDCPNIFTY,2024-06-14,weekly,2024-05-21,expired
MIDCPNIFTY,2024-06-24,monthly,2024-03-26,expired
MIDCPNIFTY,2024-07-01,weekly,2024-05-21,expired
MIDCPNIFTY,2024-07-08,weekly,2024-06-10,expired
MIDCPNIFTY,2024-07-15,weekly,2024-06-18,expired
MIDCPNIFTY,2024-07-22,weekly,2024-06-18,expired
MIDCPNIFTY,2024-07-29,monthly,2024-05-06,expired
MIDCPNIFTY,2024-08-05,weekly,2024-07-08,expired
MIDCPNIFTY,2024-08-12,weekly,2024-07-15,expired
MIDCPNIFTY,2024-08-19,weekly,2024-07-22,expired
MIDCPNIFTY,2024-08-26,monthly,2024-06-03,expired
MIDCPNIFTY,2024-09-02,weekly,2024-07-29,expired
MIDCPNIFTY,2024-09-09,weekly,2024-08-12,expired
MIDCPNIFTY,2024-09-16,weekly,2024-08-19,expired
MIDCPNIFTY,2024-09-23,weekly,2024-08-26,expired
MIDCPNIFTY,2024-09-30,monthly,2024-07-01,expired
MIDCPNIFTY,2024-10-07,weekly,2024-09-09,expired
MIDCPNIFTY,2024-10-14,weekly,2024-09-16,expired
MIDCPNIFTY,2024-10-21,weekly,2024-09-23,expired
MIDCPNIFTY,2024-10-28,monthly,2024-08-05,expired
MIDCPNIFTY,2024-11-04,weekly,2024-09-30,expired
MIDCPNIFTY,2024-11-11,weekly,2024-10-14,expired
MIDCPNIFTY,2024-11-18,weekly,2024-10-21,expired
MIDCPNIFTY,2024-11-25,monthly,2024-09-02,expired
MIDCPNIFTY,2024-12-30,monthly,2024-10-07,expired
MIDCPNIFTY,2025-01-30,monthly,2024-11-04,expired
MIDCPNIFTY,2025-02-27,monthly,2024-12-02,expired
MIDCPNIFTY,2025-03-27,monthly,2025-01-06,expired
MIDCPNIFTY,2025-04-24,monthly,2025-02-03,expired
MIDCPNIFTY,2025-05-29,monthly,2025-03-03,expired
MIDCPNIFTY,2025-06-26,monthly,2025-04-01,expired
MIDCPNIFTY,2025-07-31,monthly,2025-04-28,expired
MIDCPNIFTY,2025-08-28,monthly,2025-06-02,expired
MIDCPNIFTY,2025-09-30,monthly,2025-06-30,expired
MIDCPNIFTY,2025-10-28,monthly,2025-08-04,expired
MIDCPNIFTY,2025-11-25,monthly,2025-09-01,expired
MIDCPNIFTY,2025-12-30,monthly,2025-10-06,expired
MIDCPNIFTY,2026-01-27,monthly,2025-11-03,expired
MIDCPNIFTY,2026-02-24,monthly,2025-12-01,expired
MIDCPNIFTY,2026-03-30,monthly,2026-01-05,expired
MIDCPNIFTY,2026-04-28,monthly,2026-02-02,expired
MIDCPNIFTY,2026-05-26,monthly,2026-03-02,expired
MIDCPNIFTY,2026-06-30,monthly,2026-04-06,expired
MIDCPNIFTY,2026-07-28,monthly,2026-05-04,expired
MIDCPNIFTY,2026-08-25,monthly,2026-06-01,expired
MIDCPNIFTY,2026-09-29,monthly,2026-07-06,expired
MIDCPNIFTY,2026-10-27,monthly,2026-08-03,listed
MIDCPNIFTY,2026-11-23,monthly,2026-08-31,listed
MIDCPNIFTY,2026-12-29,monthly,2026-10-05,listed
NIFTY,2016-01-28,monthly,2016-01-01,expired
NIFTY,2016-02-25,monthly,2016-01-01,expired
NIFTY,2016-03-31,monthly,2016-01-01,expired
NIFTY,2016-04-28,monthly,2016-02-01,expired
NIFTY,2016-05-26,monthly,2016-02-29,expired
NIFTY,2016-06-30,monthly,2016-01-01,expired
NIFTY,2016-07-28,monthly,2016-05-02,expired
NIFTY,2016-08-25,monthly,2016-05-30,expired
NIFTY,2016-09-29,monthly,2016-01-01,expired
NIFTY,2016-10-27,monthly,2016-08-01,expired
NIFTY,2016-11-24,monthly,2016-08-29,expired
NIFTY,2016-12-29,monthly,2016-01-01,expired
NIFTY,2017-01-25,monthly,2016-11-01,expired
NIFTY,2017-02-23,monthly,2016-11-28,expired
NIFTY,2017-03-30,monthly,2016-04-04,expired
NIFTY,2017-04-27,monthly,2017-01-30,expired
NIFTY,2017-05-25,monthly,2017-02-27,expired
NIFTY,2017-06-29,monthly,2016-01-01,expired
NIFTY,2017-07-27,monthly,2017-05-02,expired
NIFTY,2017-08-31,monthly,2017-05-29,expired
NIFTY,2017-09-28,monthly,2016-10-03,expired
NIFTY,2017-10-26,monthly,2017-07-31,expired
NIFTY,2017-11-30,monthly,2017-09-04,expired
NIFTY,2017-12-28,monthly,2016-01-01,expired
NIFTY,2018-01-25,monthly,2017-10-30,expired
NIFTY,2018-02-22,monthly,2017-12-04,expired
NIFTY,2018-03-28,monthly,2017-04-03,expired
NIFTY,2018-04-26,monthly,2018-01-29,expired
NIFTY,2018-05-31,monthly,2018-02-26,expired
NIFTY,2018-06-28,monthly,2016-01-01,expired
NIFTY,2018-07-26,monthly,2018-04-30,expired
NIFTY,2018-08-30,monthly,2018-06-04,expired
NIFTY,2018-09-27,monthly,2017-10-03,expired
NIFTY,2018-10-25,monthly,2018-07-30,expired
NIFTY,2018-11-29,monthly,2018-09-03,expired
NIFTY,2018-12-27,monthly,2016-01-01,expired
NIFTY,2019-01-31,monthly,2018-10-29,expired
NIFTY,2019-02-14,weekly,2019-02-11,expired
NIFTY,2019-02-21,weekly,2019-02-11,expired
NIFTY,2019-02-28,monthly,2018-12-03,expired
NIFTY,2019-03-07,weekly,2019-02-11,expired
NIFTY,2019-03-14,weekly,2019-02-11,expired
NIFTY,2019-03-20,weekly,2019-02-11,expired
NIFTY,2019-03-28,monthly,2018-04-02,expired
NIFTY,2019-04-04,weekly,2019-02-11,expired
NIFTY,2019-04-11,weekly,2019-02-11,expired
NIFTY,2019-04-18,weekly,2019-02-18,expired
NIFTY,2019-04-25,monthly,2019-02-04,expired
NIFTY,2019-05-02,weekly,2019-02-25,expired
NIFTY,2019-05-09,weekly,2019-03-11,expired
NIFTY,2019-05-16,weekly,2019-03-18,expired
NIFTY,2019-05-23,weekly,2019-03-25,expired
NIFTY,2019-05-30,monthly,2019-03-05,expired
NIFTY,2019-06-06,weekly,2019-04-08,expired
NIFTY,2019-06-13,weekly,2019-04-15,expired
NIFTY,2019-06-20,weekly,2019-04-22,expired
NIFTY,2019-06-27,monthly,2016-01-01,expired
NIFTY,2019-07-04,weekly,2019-05-06,expired
NIFTY,2019-07-11,weekly,2019-05-13,expired
NIFTY,2019-07-18,weekly,2019-05-20,expired
NIFTY,2019-07-25,monthly,2019-04-30,expired
NIFTY,2019-08-01,weekly,2019-05-27,expired
NIFTY,2019-08-08,weekly,2019-06-10,expired
NIFTY,2019-08-14,weekly,2019-06-17,expired
NIFTY,2019-08-22,weekly,2019-06-24,expired
NIFTY,2019-08-29,monthly,2019-06-03,expired
NIFTY,2019-09-05,weekly,2019-07-08,expired
NIFTY,2019-09-12,weekly,2019-07-15,expired
NIFTY,2019-09-19,weekly,2019-07-22,expired
NIFTY,2019-09-26,monthly,2018-10-01,expired
NIFTY,2019-10-03,weekly,2019-08-05,expired
NIFTY,2019-10-10,weekly,2019-08-13,expired
NIFTY,2019-10-17,weekly,2019-08-19,expired
NIFTY,2019-10-24,weekly,2019-08-26,expired
NIFTY,2019-10-31,monthly,2019-07-29,expired
NIFTY,2019-11-07,weekly,2019-09-09,expired
NIFTY,2019-11-14,weekly,2019-09-16,expired
NIFTY,2019-11-21,weekly,2019-09-23,expired
NIFTY,2019-11-28,monthly,2019-09-03,expired
NIFTY,2019-12-05,weekly,2019-10-07,expired
NIFTY,2019-12-12,weekly,2019-10-14,expired
NIFTY,2019-12-19,weekly,2019-10-22,expired
NIFTY,2019-12-26,monthly,2016-01-01,expired
NIFTY,2020-01-02,weekly,2019-10-29,expired
NIFTY,2020-01-09,weekly,2019-11-11,expired
NIFTY,2020-01-16,weekly,2019-11-18,expired
NIFTY,2020-01-23,weekly,2019-11-25,expired
NIFTY,2020-01-30,monthly,2019-11-04,expired
NIFTY,2020-02-06,weekly,2019-12-09,expired
NIFTY,2020-02-13,weekly,2019-12-16,expired
NIFTY,2020-02-20,weekly,2019-12-23,expired
NIFTY,2020-02-27,monthly,2019-12-02,expired
NIFTY,2020-03-05,weekly,2020-01-06,expired
NIFTY,2020-03-12,weekly,2020-01-13,expired
NIFTY,2020-03-19,weekly,2020-01-20,expired
NIFTY,2020-03-26,monthly,2019-04-01,expired
NIFTY,2020-04-01,weekly,2020-01-27,expired
NIFTY,2020-04-09,weekly,2020-02-10,expired
NIFTY,2020-04-16,weekly,2020-02-17,expired
NIFTY,2020-04-23,weekly,2020-02-24,expired
NIFTY,2020-04-30,monthly,2020-02-03,expired
NIFTY,2020-05-07,weekly,2020-03-09,expired
NIFTY,2020-05-14,weekly,2020-03-16,expired
NIFTY,2020-05-21,weekly,2020-03-23,expired
NIFTY,2020-05-28,monthly,2020-03-02,expired
NIFTY,2020-06-04,weekly,2020-04-07,expired
NIFTY,2020-06-11,weekly,2020-04-13,expired
NIFTY,2020-06-18,weekly,2020-04-20,expired
NIFTY,2020-06-25,monthly,2016-01-01,expired
NIFTY,2020-07-02,weekly,2020-04-27,expired
NIFTY,2020-07-09,weekly,2020-05-11,expired
NIFTY,2020-07-16,weekly,2020-05-18,expired
NIFTY,2020-07-23,weekly,2020-05-26,expired
NIFTY,2020-07-30,monthly,2020-05-04,expired
NIFTY,2020-08-06,weekly,2020-06-08,expired
NIFTY,2020-08-13,weekly,2020-06-15,expired
NIFTY,2020-08-20,weekly,2020-06-22,expired
NIFTY,2020-08-27,monthly,2020-06-01,expired
NIFTY,2020-09-03,weekly,2020-07-06,expired
NIFTY,2020-09-10,weekly,2020-07-13,expired
NIFTY,2020-09-17,weekly,2020-07-20,expired
NIFTY,2020-09-24,monthly,2019-09-30,expired
NIFTY,2020-10-01,weekly,2020-07-27,expired
NIFTY,2020-10-08,weekly,2020-08-10,expired
NIFTY,2020-10-15,weekly,2020-08-17,expired
NIFTY,2020-10-22,weekly,2020-08-24,expired
NIFTY,2020-10-29,monthly,2020-08-03,expired
NIFTY,2020-11-05,weekly,2020-09-07,expired
NIFTY,2020-11-12,weekly,2020-09-14,expired
NIFTY,2020-11-19,weekly,2020-09-21,expired
NIFTY,2020-11-26,monthly,2020-08-31,expired
NIFTY,2020-12-03,weekly,2020-10-05,expired
NIFTY,2020-12-10,weekly,2020-10-12,expired
NIFTY,2020-12-17,weekly,2020-10-19,expired
NIFTY,2020-12-24,weekly,2020-10-26,expired
NIFTY,2020-12-31,monthly,2016-01-01,expired
NIFTY,2021-01-07,weekly,2020-11-09,expired
NIFTY,2021-01-14,weekly,2020-11-17,expired
NIFTY,2021-01-21,weekly,2020-11-23,expired
NIFTY,2021-01-28,monthly,2020-11-02,expired
NIFTY,2021-02-04,weekly,2020-12-07,expired
NIFTY,2021-02-11,weekly,2020-12-14,expired
NIFTY,2021-02-18,weekly,2020-12-21,expired
NIFTY,2021-02-25,monthly,2020-12-01,expired
NIFTY,2021-03-04,weekly,2020-12-28,expired
NIFTY,2021-03-10,weekly,2021-01-11,expired
NIFTY,2021-03-18,weekly,2021-01-18,expired
NIFTY,2021-03-25,monthly,2020-03-30,expired
NIFTY,2021-04-01,weekly,2021-01-25,expired
NIFTY,2021-04-08,weekly,2021-02-08,expired
NIFTY,2021-04-15,weekly,2021-02-15,expired
NIFTY,2021-04-22,weekly,2021-02-22,expired
NIFTY,2021-04-29,monthly,2021-02-01,expired
NIFTY,2021-05-06,weekly,2021-03-08,expired
NIFTY,2021-05-12,weekly,2021-03-15,expired
NIFTY,2021-05-20,weekly,2021-03-22,expired
NIFTY,2021-05-27,monthly,2021-03-01,expired
NIFTY,2021-06-03,weekly,2021-04-05,expired
NIFTY,2021-06-10,weekly,2021-04-12,expired
NIFTY,2021-06-17,weekly,2021-04-19,expired
NIFTY,2021-06-24,monthly,2016-07-04,expired
NIFTY,2021-07-01,weekly,2021-04-26,expired
NIFTY,2021-07-08,weekly,2021-05-10,expired
NIFTY,2021-07-15,weekly,2021-05-17,expired
NIFTY,2021-07-22,weekly,2021-05-24,expired
NIFTY,2021-07-29,monthly,2021-05-03,expired
NIFTY,2021-08-05,weekly,2021-06-07,expired
NIFTY,2021-08-12,weekly,2021-06-14,expired
NIFTY,2021-08-18,weekly,2021-06-21,expired
NIFTY,2021-08-26,monthly,2021-05-31,expired
NIFTY,2021-09-02,weekly,2021-07-05,expired
NIFTY,2021-09-09,weekly,2021-07-12,expired
NIFTY,2021-09-16,weekly,2021-07-19,expired
NIFTY,2021-09-23,weekly,2021-07-26,expired
NIFTY,2021-09-30,monthly,2020-09-28,expired
NIFTY,2021-10-07,weekly,2021-08-09,expired
NIFTY,2021-10-14,weekly,2021-08-16,expired
NIFTY,2021-10-21,weekly,2021-08-23,expired
NIFTY,2021-10-28,monthly,2021-08-02,expired
NIFTY,2021-11-03,weekly,2021-09-06,expired
NIFTY,2021-11-11,weekly,2021-09-13,expired
NIFTY,2021-11-18,weekly,2021-09-20,expired
NIFTY,2021-11-25,monthly,2021-08-30,expired
NIFTY,2021-12-02,weekly,2021-09-27,expired
NIFTY,2021-12-09,weekly,2021-10-11,expired
NIFTY,2021-12-16,weekly,2021-10-18,expired
NIFTY,2021-12-23,weekly,2021-10-25,expired
NIFTY,2021-12-30,monthly,2017-01-02,expired
NIFTY,2022-01-06,weekly,2021-11-08,expired
NIFTY,2022-01-13,weekly,2021-11-15,expired
NIFTY,2022-01-20,weekly,2021-11-22,expired
NIFTY,2022-01-27,monthly,2021-11-01,expired
NIFTY,2022-02-03,weekly,2021-12-06,expired
NIFTY,2022-02-10,weekly,2021-12-13,expired
NIFTY,2022-02-17,weekly,2021-12-20,expired
NIFTY,2022-02-24,monthly,2021-11-29,expired
NIFTY,2022-03-03,weekly,2021-12-27,expired
NIFTY,2022-03-10,weekly,2022-01-10,expired
NIFTY,2022-03-17,weekly,2022-01-17,expired
NIFTY,2022-03-24,weekly,2022-01-24,expired
NIFTY,2022-03-31,monthly,2021-03-31,expired
NIFTY,2022-04-07,weekly,2022-02-07,expired
NIFTY,2022-04-13,weekly,2022-02-14,expired
NIFTY,2022-04-21,weekly,2022-02-21,expired
NIFTY,2022-04-28,monthly,2022-01-31,expired
NIFTY,2022-05-05,weekly,2022-03-07,expired
NIFTY,2022-05-12,weekly,2022-03-14,expired
NIFTY,2022-05-19,weekly,2022-03-21,expired
NIFTY,2022-05-26,monthly,2022-02-28,expired
NIFTY,2022-06-02,weekly,2022-03-28,expired
NIFTY,2022-06-09,weekly,2022-04-11,expired
NIFTY,2022-06-16,weekly,2022-04-18,expired
NIFTY,2022-06-23,weekly,2022-04-25,expired
NIFTY,2022-06-30,monthly,2017-07-03,expired
NIFTY,2022-07-07,weekly,2022-05-09,expired
NIFTY,2022-07-14,weekly,2022-05-16,expired
NIFTY,2022-07-21,weekly,2022-05-23,expired
NIFTY,2022-07-28,monthly,2022-05-02,expired
NIFTY,2022-08-04,weekly,2022-06-06,expired
NIFTY,2022-08-11,weekly,2022-06-13,expired
NIFTY,2022-08-18,weekly,2022-06-20,expired
NIFTY,2022-08-25,monthly,2022-05-30,expired
NIFTY,2022-09-01,weekly,2022-06-27,expired
NIFTY,2022-09-08,weekly,2022-07-11,expired
NIFTY,2022-09-15,weekly,2022-07-18,expired
NIFTY,2022-09-22,weekly,2022-07-25,expired
NIFTY,2022-09-29,monthly,2021-10-04,expired
NIFTY,2022-10-06,weekly,2022-08-08,expired
NIFTY,2022-10-13,weekly,2022-08-16,expired
NIFTY,2022-10-20,weekly,2022-08-22,expired
NIFTY,2022-10-27,monthly,2022-08-01,expired
NIFTY,2022-11-03,weekly,2022-09-05,expired
NIFTY,2022-11-10,weekly,2022-09-12,expired
NIFTY,2022-11-17,weekly,2022-09-19,expired
NIFTY,2022-11-24,monthly,2022-08-29,expired
NIFTY,2022-12-01,weekly,2022-09-26,expired
NIFTY,2022-12-08,weekly,2022-10-10,expired
NIFTY,2022-12-15,weekly,2022-10-17,expired
NIFTY,2022-12-22,weekly,2022-10-24,expired
NIFTY,2022-12-29,monthly,2018-01-01,expired
NIFTY,2023-01-05,weekly,2022-11-07,expired
NIFTY,2023-01-12,weekly,2022-11-14,expired
NIFTY,2023-01-19,weekly,2022-11-21,expired
NIFTY,2023-01-25,monthly,2022-10-31,expired
NIFTY,2023-02-02,weekly,2022-12-05,expired
NIFTY,2023-02-09,weekly,2022-12-12,expired
NIFTY,2023-02-16,weekly,2023-01-16,expired
NIFTY,2023-02-23,monthly,2022-11-28,expired
NIFTY,2023-03-02,weekly,2023-01-23,expired
NIFTY,2023-03-09,weekly,2023-02-06,expired
NIFTY,2023-03-16,weekly,2023-02-13,expired
NIFTY,2023-03-23,weekly,2023-02-20,expired
NIFTY,2023-03-29,monthly,2022-04-04,expired
NIFTY,2023-04-06,weekly,2023-03-06,expired
NIFTY,2023-04-13,weekly,2023-03-13,expired
NIFTY,2023-04-20,weekly,2023-03-20,expired
NIFTY,2023-04-27,monthly,2023-01-30,expired
NIFTY,2023-05-04,weekly,2023-03-27,expired
NIFTY,2023-05-11,weekly,2023-04-10,expired
NIFTY,2023-05-18,weekly,2023-04-17,expired
NIFTY,2023-05-25,monthly,2023-02-27,expired
NIFTY,2023-06-01,weekly,2023-04-24,expired
NIFTY,2023-06-08,weekly,2023-05-08,expired
NIFTY,2023-06-15,weekly,2023-05-15,expired
NIFTY,2023-06-22,weekly,2023-05-22,expired
NIFTY,2023-06-28,monthly,2018-07-02,expired
NIFTY,2023-07-06,weekly,2023-06-05,expired
NIFTY,2023-07-13,weekly,2023-06-12,expired
NIFTY,2023-07-20,weekly,2023-06-19,expired
NIFTY,2023-07-27,monthly,2023-05-02,expired
NIFTY,2023-08-03,weekly,2023-06-26,expired
NIFTY,2023-08-10,weekly,2023-07-10,expired
NIFTY,2023-08-17,weekly,2023-07-17,expired
NIFTY,2023-08-24,weekly,2023-07-24,expired
NIFTY,2023-08-31,monthly,2023-05-29,expired
NIFTY,2023-09-07,weekly,2023-08-07,expired
NIFTY,2023-09-14,weekly,2023-08-14,expired
NIFTY,2023-09-21,weekly,2023-08-21,expired
NIFTY,2023-09-28,monthly,2022-10-03,expired
NIFTY,2023-10-05,weekly,2023-08-28,expired
NIFTY,2023-10-12,weekly,2023-09-11,expired
NIFTY,2023-10-19,weekly,2023-09-18,expired
NIFTY,2023-10-26,monthly,2023-07-31,expired
NIFTY,2023-11-02,weekly,2023-09-25,expired
NIFTY,2023-11-09,weekly,2023-10-09,expired
NIFTY,2023-11-16,weekly,2023-10-16,expired
NIFTY,2023-11-23,weekly,2023-10-23,expired
NIFTY,2023-11-30,monthly,2023-09-04,expired
NIFTY,2023-12-07,weekly,2023-11-06,expired
NIFTY,2023-12-14,weekly,2023-11-13,expired
NIFTY,2023-12-21,weekly,2023-11-20,expired
NIFTY,2023-12-28,monthly,2018-12-31,expired
NIFTY,2024-01-04,weekly,2023-11-28,expired
NIFTY,2024-01-11,weekly,2023-12-11,expired
NIFTY,2024-01-18,weekly,2023-12-18,expired
NIFTY,2024-01-25,monthly,2023-10-30,expired
NIFTY,2024-02-01,weekly,2023-12-26,expired
NIFTY,2024-02-08,weekly,2024-01-08,expired
NIFTY,2024-02-15,weekly,2024-01-15,expired
NIFTY,2024-02-22,weekly,2024-01-23,expired
NIFTY,2024-02-29,monthly,2023-12-04,expired
NIFTY,2024-03-07,weekly,2024-02-05,expired
NIFTY,2024-03-14,weekly,2024-02-12,expired
NIFTY,2024-03-21,weekly,2024-02-19,expired
NIFTY,2024-03-28,monthly,2023-04-03,expired
NIFTY,2024-04-04,weekly,2024-02-26,expired
NIFTY,2024-04-10,weekly,2024-03-11,expired
NIFTY,2024-04-18,weekly,2024-03-18,expired
NIFTY,2024-04-25,monthly,2024-01-29,expired
NIFTY,2024-05-02,weekly,2024-03-26,expired
NIFTY,2024-05-09,weekly,2024-04-08,expired
NIFTY,2024-05-16,weekly,2024-04-15,expired
NIFTY,2024-05-23,weekly,2024-04-22,expired
NIFTY,2024-05-30,monthly,2024-03-04,expired
NIFTY,2024-06-06,weekly,2024-05-06,expired
NIFTY,2024-06-13,weekly,2024-05-13,expired
NIFTY,2024-06-20,weekly,2024-05-21,expired
NIFTY,2024-06-27,monthly,2019-07-01,expired
NIFTY,2024-07-04,weekly,2024-05-27,expired
NIFTY,2024-07-11,weekly,2024-06-10,expired
NIFTY,2024-07-18,weekly,2024-06-18,expired
NIFTY,2024-07-25,monthly,2024-04-29,expired
NIFTY,2024-08-01,weekly,2024-06-24,expired
NIFTY,2024-08-08,weekly,2024-07-08,expired
NIFTY,2024-08-14,weekly,2024-07-15,expired
NIFTY,2024-08-22,weekly,2024-07-22,expired
NIFTY,2024-08-29,monthly,2024-06-03,expired
NIFTY,2024-09-05,weekly,2024-08-05,expired
NIFTY,2024-09-12,weekly,2024-08-12,expired
NIFTY,2024-09-19,weekly,2024-08-19,expired
NIFTY,2024-09-26,monthly,2023-10-03,expired
NIFTY,2024-10-03,weekly,2024-08-26,expired
NIFTY,2024-10-10,weekly,2024-09-09,expired
NIFTY,2024-10-17,weekly,2024-09-16,expired
NIFTY,2024-10-24,weekly,2024-09-23,expired
NIFTY,2024-10-31,monthly,2024-07-29,expired
NIFTY,2024-11-07,weekly,2024-10-07,expired
NIFTY,2024-11-14,weekly,2024-10-14,expired
NIFTY,2024-11-21,weekly,2024-10-21,expired
NIFTY,2024-11-28,monthly,2024-09-02,expired
NIFTY,2024-12-05,weekly,2024-10-28,expired
NIFTY,2024-12-12,weekly,2024-11-11,expired
NIFTY,2024-12-19,weekly,2024-11-18,expired
NIFTY,2024-12-26,monthly,2019-12-30,expired
NIFTY,2025-01-02,weekly,2024-11-25,expired
NIFTY,2025-01-09,weekly,2024-12-09,expired
NIFTY,2025-01-16,weekly,2024-12-16,expired
NIFTY,2025-01-23,weekly,2024-12-23,expired
NIFTY,2025-01-30,monthly,2024-11-04,expired
NIFTY,2025-02-06,weekly,2025-01-06,expired
NIFTY,2025-02-13,weekly,2025-01-13,expired
NIFTY,2025-02-20,weekly,2025-01-20,expired
NIFTY,2025-02-27,monthly,2024-12-02,expired
NIFTY,2025-03-06,weekly,2025-01-27,expired
NIFTY,2025-03-13,weekly,2025-02-10,expired
NIFTY,2025-03-20,weekly,2025-02-17,expired
NIFTY,2025-03-27,monthly,2024-04-01,expired
NIFTY,2025-04-03,weekly,2025-02-24,expired
NIFTY,2025-04-09,weekly,2025-03-10,expired
NIFTY,2025-04-17,weekly,2025-03-17,expired
NIFTY,2025-04-24,monthly,2025-02-03,expired
NIFTY,2025-04-30,weekly,2025-03-24,expired
NIFTY,2025-05-08,weekly,2025-04-07,expired
NIFTY,2025-05-15,weekly,2025-04-15,expired
NIFTY,2025-05-22,weekly,2025-04-21,expired
NIFTY,2025-05-29,monthly,2025-03-03,expired
NIFTY,2025-06-05,weekly,2025-05-05,expired
NIFTY,2025-06-12,weekly,2025-05-12,expired
NIFTY,2025-06-19,weekly,2025-05-19,expired
NIFTY,2025-06-26,monthly,2020-06-29,expired
NIFTY,2025-07-03,weekly,2025-05-26,expired
NIFTY,2025-07-10,weekly,2025-06-09,expired
NIFTY,2025-07-17,weekly,2025-06-16,expired
NIFTY,2025-07-24,weekly,2025-06-23,expired
NIFTY,2025-07-31,monthly,2025-04-28,expired
NIFTY,2025-08-07,weekly,2025-07-07,expired
NIFTY,2025-08-14,weekly,2025-07-14,expired
NIFTY,2025-08-21,weekly,2025-07-21,expired
NIFTY,2025-08-28,monthly,2025-06-02,expired
NIFTY,2025-09-02,weekly,2025-07-28,expired
NIFTY,2025-09-09,weekly,2025-08-11,expired
NIFTY,2025-09-16,weekly,2025-08-18,expired
NIFTY,2025-09-23,monthly,2024-09-30,expired
NIFTY,2025-09-30,monthly,2025-08-04,expired
NIFTY,2025-10-07,weekly,2025-09-08,expired
NIFTY,2025-10-14,weekly,2025-09-15,expired
NIFTY,2025-10-20,weekly,2025-09-22,expired
NIFTY,2025-10-28,monthly,2025-08-04,expired
NIFTY,2025-11-04,weekly,2025-09-29,expired
NIFTY,2025-11-11,weekly,2025-10-13,expired
NIFTY,2025-11-18,weekly,2025-10-20,expired
NIFTY,2025-11-25,monthly,2025-09-01,expired
NIFTY,2025-12-02,weekly,2025-10-27,expired
NIFTY,2025-12-09,weekly,2025-11-10,expired
NIFTY,2025-12-16,weekly,2025-11-17,expired
NIFTY,2025-12-23,weekly,2021-01-04,expired
NIFTY,2025-12-30,monthly,2025-08-04,expired
NIFTY,2026-01-06,weekly,2025-12-08,expired
NIFTY,2026-01-13,weekly,2025-12-15,expired
NIFTY,2026-01-20,weekly,2025-12-22,expired
NIFTY,2026-01-27,monthly,2025-11-03,expired
NIFTY,2026-02-03,weekly,2025-12-29,expired
NIFTY,2026-02-10,weekly,2026-01-12,expired
NIFTY,2026-02-17,weekly,2026-01-19,expired
NIFTY,2026-02-24,monthly,2025-12-01,expired
NIFTY,2026-03-02,weekly,2026-01-27,expired
NIFTY,2026-03-10,weekly,2026-02-09,expired
NIFTY,2026-03-17,weekly,2026-02-16,expired
NIFTY,2026-03-24,weekly,2025-04-01,expired
NIFTY,2026-03-30,monthly,2025-08-04,expired
NIFTY,2026-04-07,weekly,2026-03-09,expired
NIFTY,2026-04-13,weekly,2026-03-16,expired
NIFTY,2026-04-21,weekly,2026-03-23,expired
NIFTY,2026-04-28,monthly,2026-02-02,expired
NIFTY,2026-05-05,weekly,2026-03-30,expired
NIFTY,2026-05-12,weekly,2026-04-13,expired
NIFTY,2026-05-19,weekly,2026-04-20,expired
NIFTY,2026-05-26,monthly,2026-03-02,expired
NIFTY,2026-06-02,weekly,2026-04-27,expired
NIFTY,2026-06-09,weekly,2026-05-11,expired
NIFTY,2026-06-16,weekly,2026-05-18,expired
NIFTY,2026-06-23,weekly,2021-06-28,expired
NIFTY,2026-06-30,monthly,2025-08-04,expired
NIFTY,2026-07-07,weekly,2026-06-08,expired
NIFTY,2026-07-14,weekly,2026-06-15,expired
NIFTY,2026-07-21,weekly,2026-06-22,expired
NIFTY,2026-07-28,monthly,2026-05-04,expired
NIFTY,2026-08-04,weekly,2026-06-29,expired
NIFTY,2026-08-11,weekly,2026-07-13,expired
NIFTY,2026-08-18,weekly,2026-07-20,expired
NIFTY,2026-08-25,monthly,2026-06-01,expired
NIFTY,2026-09-01,weekly,2026-07-27,expired
NIFTY,2026-09-08,weekly,2026-08-10,expired
NIFTY,2026-09-15,weekly,2026-08-17,expired
NIFTY,2026-09-22,weekly,2026-08-24,expired
NIFTY,2026-09-29,monthly,2025-10-06,expired
NIFTY,2026-10-06,weekly,2026-09-07,listed
NIFTY,2026-10-13,weekly,2026-09-15,listed
NIFTY,2026-10-19,weekly,2026-09-21,listed
NIFTY,2026-10-27,monthly,2026-08-03,listed
NIFTY,2026-11-03,weekly,2026-09-28,listed
NIFTY,2026-11-23,monthly,2026-08-31,listed
NIFTY,2026-12-29,monthly,2025-08-04,listed
NIFTY,2026-12-31,weekly,2022-01-03,listed
NIFTY,2027-03-30,monthly,2026-04-06,listed
NIFTY,2027-06-24,weekly,2022-07-04,listed
NIFTY,2027-06-29,monthly,2025-08-04,listed
NIFTY,2027-09-28,monthly,2026-10-05,listed
NIFTY,2027-12-28,weekly,2025-08-04,listed
NIFTY,2027-12-30,monthly,2023-01-02,listed
NIFTY,2028-06-27,weekly,2025-08-04,listed
NIFTY,2028-06-29,monthly,2023-07-03,listed
NIFTY,2028-12-26,weekly,2025-08-04,listed
NIFTY,2028-12-28,monthly,2024-01-01,listed
NIFTY,2029-06-26,weekly,2025-08-04,listed
NIFTY,2029-06-28,monthly,2024-07-01,listed
NIFTY,2029-12-24,weekly,2025-08-04,listed
NIFTY,2029-12-27,monthly,2024-12-30,listed
NIFTY,2030-06-25,monthly,2025-06-30,listed
NIFTY,2030-12-31,monthly,2026-01-05,listed
NIFTY,2031-06-24,monthly,2026-07-06,listed
NIFTYNXT50,2024-05-31,monthly,2024-04-29,expired
NIFTYNXT50,2024-06-28,monthly,2024-04-29,expired
NIFTYNXT50,2024-07-26,monthly,2024-04-29,expired
NIFTYNXT50,2024-08-30,monthly,2024-06-03,expired
NIFTYNXT50,2024-09-27,monthly,2024-07-01,expired
NIFTYNXT50,2024-10-25,monthly,2024-07-29,expired
NIFTYNXT50,2024-11-29,monthly,2024-09-02,expired
NIFTYNXT50,2024-12-27,monthly,2024-09-30,expired
NIFTYNXT50,2025-01-30,monthly,2024-10-28,expired
NIFTYNXT50,2025-02-27,monthly,2024-12-02,expired
NIFTYNXT50,2025-03-27,monthly,2024-12-30,expired
NIFTYNXT50,2025-04-24,monthly,2025-02-03,expired
NIFTYNXT50,2025-05-29,monthly,2025-03-03,expired
NIFTYNXT50,2025-06-26,monthly,2025-04-01,expired
NIFTYNXT50,2025-07-31,monthly,2025-04-28,expired
NIFTYNXT50,2025-08-28,monthly,2025-06-02,expired
NIFTYNXT50,2025-09-30,monthly,2025-06-30,expired
NIFTYNXT50,2025-10-28,monthly,2025-08-04,expired
NIFTYNXT50,2025-11-25,monthly,2025-09-01,expired
NIFTYNXT50,2025-12-30,monthly,2025-10-06,expired
NIFTYNXT50,2026-01-27,monthly,2025-11-03,expired
NIFTYNXT50,2026-02-24,monthly,2025-12-01,expired
NIFTYNXT50,2026-03-30,monthly,2026-01-05,expired
NIFTYNXT50,2026-04-28,monthly,2026-02-02,expired
NIFTYNXT50,2026-05-26,monthly,2026-03-02,expired
NIFTYNXT50,2026-06-30,monthly,2026-04-06,expired
NIFTYNXT50,2026-07-28,monthly,2026-05-04,expired
NIFTYNXT50,2026-08-25,monthly,2026-06-01,expired
NIFTYNXT50,2026-09-29,monthly,2026-07-06,expired
NIFTYNXT50,2026-10-27,monthly,2026-08-03,listed
NIFTYNXT50,2026-11-23,monthly,2026-08-31,listed
NIFTYNXT50,2026-12-29,monthly,2026-10-05,listed
